Round,Vial,Genotype,Mating Status,Infection Status,OD,Time to Infection,Death_Time,Censor,ID,Number,M,0,24,48,72,96,120,D24,D48,D72,D96,D120
1,1,CS_10,M,I,1,10,24,1,10,1,M,8,3,3,2,1,1,5,0,1,1,0
1,1,CS_10,M,I,1,10,24,1,10,2,M,9,5,4,4,4,2,4,1,0,0,2
1,1,CS_10,M,I,1,10,24,1,10,3,M,6,5,3,2,2,2,1,2,1,0,0
1,1,CS_10,M,I,1,10,24,1,10,4,M,8,6,5,5,5,5,2,1,0,0,0
1,1,CS_10,M,I,1,10,24,1,10,5,M,7,4,1,1,1,1,3,3,0,0,0
1,1,CS_10,M,I,1,10,72,1,10,6,M,3,1,1,1,1,1,2,0,0,0,0
1,1,CS_10,M,I,1,10,96,1,10,7,M,,,,,,,,,,,
1,1,CS_10,M,I,1,10,120,0,10,8,M,,,,,,,,,,,
1,2,CS_10,M,I,1,10,24,1,10,9,M,,,,,,,,,,,
1,2,CS_10,M,I,1,10,24,1,10,10,M,,,,,,,,,,,
1,2,CS_10,M,I,1,10,24,1,10,11,M,,,,,,,,,,,
1,2,CS_10,M,I,1,10,24,1,10,12,M,,,,,,,,,,,
1,2,CS_10,M,I,1,10,48,1,10,13,M,,,,,,,,,,,
1,2,CS_10,M,I,1,10,120,1,10,14,M,,,,,,,,,,,
1,2,CS_10,M,I,1,10,120,1,10,15,M,,,,,,,,,,,
1,2,CS_10,M,I,1,10,120,0,10,16,M,,,,,,,,,,,
1,2,CS_10,M,I,1,10,120,0,10,17,M,,,,,,,,,,,
1,3,CS_10,M,I,1,10,24,1,10,18,M,,,,,,,,,,,
1,3,CS_10,M,I,1,10,48,1,10,19,M,,,,,,,,,,,
1,3,CS_10,M,I,1,10,48,1,10,20,M,,,,,,,,,,,
1,3,CS_10,M,I,1,10,72,1,10,21,M,,,,,,,,,,,
1,3,CS_10,M,I,1,10,120,0,10,22,M,,,,,,,,,,,
1,3,CS_10,M,I,1,10,120,0,10,23,M,,,,,,,,,,,
1,4,CS_10,M,I,1,10,24,1,10,24,M,,,,,,,,,,,
1,4,CS_10,M,I,1,10,24,1,10,25,M,,,,,,,,,,,
1,4,CS_10,M,I,1,10,72,1,10,26,M,,,,,,,,,,,
1,4,CS_10,M,I,1,10,120,0,10,27,M,,,,,,,,,,,
1,4,CS_10,M,I,1,10,120,0,10,28,M,,,,,,,,,,,
1,4,CS_10,M,I,1,10,120,0,10,29,M,,,,,,,,,,,
1,4,CS_10,M,I,1,10,120,0,10,30,M,,,,,,,,,,,
1,4,CS_10,M,I,1,10,120,0,10,31,M,,,,,,,,,,,
1,5,CS_10,M,I,1,10,24,1,10,32,M,,,,,,,,,,,
1,5,CS_10,M,I,1,10,24,1,10,33,M,,,,,,,,,,,
1,5,CS_10,M,I,1,10,24,1,10,34,M,,,,,,,,,,,
1,5,CS_10,M,I,1,10,48,1,10,35,M,,,,,,,,,,,
1,5,CS_10,M,I,1,10,48,1,10,36,M,,,,,,,,,,,
1,5,CS_10,M,I,1,10,48,1,10,37,M,,,,,,,,,,,
1,5,CS_10,M,I,1,10,120,0,10,38,M,,,,,,,,,,,
1,6,CS_10,M,I,1,10,24,1,10,39,M,,,,,,,,,,,
1,6,CS_10,M,I,1,10,24,1,10,40,M,,,,,,,,,,,
1,6,CS_10,M,I,1,10,120,0,10,41,M,,,,,,,,,,,
1,1,CS_7,M,I,1,7,24,1,7,1,M,8,4,1,1,1,0,4,3,0,0,1
1,1,CS_7,M,I,1,7,24,1,7,2,M,,,,,,,0,0,0,0,0
1,1,CS_7,M,I,1,7,24,1,7,3,M,,,,,,,0,0,0,0,0
1,1,CS_7,M,I,1,7,24,1,7,4,M,,,,,,,0,0,0,0,0
1,1,CS_7,M,I,1,7,48,1,7,5,M,,,,,,,0,0,0,0,0
1,1,CS_7,M,I,1,7,48,1,7,6,M,,,,,,,0,0,0,0,0
1,1,CS_7,M,I,1,7,48,1,7,7,M,,,,,,,0,0,0,0,0
1,1,CS_7,M,I,1,7,120,1,7,8,M,,,,,,,0,0,0,0,0
1,2,CS_7,M,I,1,7,24,1,7,9,M,9,7,4,4,4,3,2,3,0,0,1
1,2,CS_7,M,I,1,7,24,1,7,10,M,,,,,,,0,0,0,0,0
1,2,CS_7,M,I,1,7,48,1,7,11,M,,,,,,,0,0,0,0,0
1,2,CS_7,M,I,1,7,48,1,7,12,M,,,,,,,0,0,0,0,0
1,2,CS_7,M,I,1,7,48,1,7,13,M,,,,,,,0,0,0,0,0
1,2,CS_7,M,I,1,7,120,1,7,14,M,,,,,,,0,0,0,0,0
1,2,CS_7,M,I,1,7,120,0,7,15,M,,,,,,,0,0,0,0,0
1,2,CS_7,M,I,1,7,120,0,7,16,M,,,,,,,0,0,0,0,0
1,2,CS_7,M,I,1,7,120,0,7,17,M,,,,,,,0,0,0,0,0
1,3,CS_7,M,I,1,7,24,1,7,18,M,8,3,2,2,2,2,5,1,0,0,0
1,3,CS_7,M,I,1,7,24,1,7,19,M,,,,,,,0,0,0,0,0
1,3,CS_7,M,I,1,7,24,1,7,20,M,,,,,,,0,0,0,0,0
1,3,CS_7,M,I,1,7,24,1,7,21,M,,,,,,,0,0,0,0,0
1,3,CS_7,M,I,1,7,24,1,7,22,M,,,,,,,0,0,0,0,0
1,3,CS_7,M,I,1,7,48,1,7,23,M,,,,,,,0,0,0,0,0
1,3,CS_7,M,I,1,7,120,0,7,24,M,,,,,,,0,0,0,0,0
1,3,CS_7,M,I,1,7,120,0,7,25,M,,,,,,,0,0,0,0,0
1,4,CS_7,M,I,1,7,24,1,7,26,M,6,1,0,0,0,0,5,1,0,0,0
1,4,CS_7,M,I,1,7,24,1,7,27,M,,,,,,,0,0,0,0,0
1,4,CS_7,M,I,1,7,24,1,7,28,M,,,,,,,0,0,0,0,0
1,4,CS_7,M,I,1,7,24,1,7,29,M,,,,,,,0,0,0,0,0
1,4,CS_7,M,I,1,7,24,1,7,30,M,,,,,,,0,0,0,0,0
1,4,CS_7,M,I,1,7,48,1,7,31,M,,,,,,,0,0,0,0,0
1,1,CS_4,M,I,1,4,24,1,4,1,M,7,3,1,1,1,1,4,2,0,0,0
1,1,CS_4,M,I,1,4,24,1,4,2,M,,,,,,,0,0,0,0,0
1,1,CS_4,M,I,1,4,24,1,4,3,M,,,,,,,0,0,0,0,0
1,1,CS_4,M,I,1,4,24,1,4,4,M,,,,,,,0,0,0,0,0
1,1,CS_4,M,I,1,4,48,1,4,5,M,,,,,,,0,0,0,0,0
1,1,CS_4,M,I,1,4,48,1,4,6,M,,,,,,,0,0,0,0,0
1,1,CS_4,M,I,1,4,120,0,4,7,M,,,,,,,0,0,0,0,0
1,2,CS_4,M,I,1,4,24,1,4,8,M,10,5,2,2,2,1,5,3,0,0,1
1,2,CS_4,M,I,1,4,24,1,4,9,M,,,,,,,0,0,0,0,0
1,2,CS_4,M,I,1,4,24,1,4,10,M,,,,,,,0,0,0,0,0
1,2,CS_4,M,I,1,4,24,1,4,11,M,,,,,,,0,0,0,0,0
1,2,CS_4,M,I,1,4,24,1,4,12,M,,,,,,,0,0,0,0,0
1,2,CS_4,M,I,1,4,48,1,4,13,M,,,,,,,0,0,0,0,0
1,2,CS_4,M,I,1,4,48,1,4,14,M,,,,,,,0,0,0,0,0
1,2,CS_4,M,I,1,4,48,1,4,15,M,,,,,,,0,0,0,0,0
1,2,CS_4,M,I,1,4,120,1,4,16,M,,,,,,,0,0,0,0,0
1,2,CS_4,M,I,1,4,120,0,4,17,M,,,,,,,0,0,0,0,0
1,3,CS_4,M,I,1,4,24,1,4,18,M,9,6,4,2,2,2,3,2,2,0,0
1,3,CS_4,M,I,1,4,24,1,4,19,M,,,,,,,0,0,0,0,0
1,3,CS_4,M,I,1,4,24,1,4,20,M,,,,,,,0,0,0,0,0
1,3,CS_4,M,I,1,4,48,1,4,21,M,,,,,,,0,0,0,0,0
1,3,CS_4,M,I,1,4,48,1,4,22,M,,,,,,,0,0,0,0,0
1,3,CS_4,M,I,1,4,72,1,4,23,M,,,,,,,0,0,0,0,0
1,3,CS_4,M,I,1,4,72,1,4,24,M,,,,,,,0,0,0,0,0
1,3,CS_4,M,I,1,4,120,0,4,25,M,,,,,,,0,0,0,0,0
1,3,CS_4,M,I,1,4,120,0,4,26,M,,,,,,,0,0,0,0,0
1,4,CS_4,M,I,1,4,24,1,4,27,M,7,3,0,0,0,0,4,3,0,0,0
1,4,CS_4,M,I,1,4,24,1,4,28,M,,,,,,,0,0,0,0,0
1,4,CS_4,M,I,1,4,24,1,4,29,M,,,,,,,0,0,0,0,0
1,4,CS_4,M,I,1,4,24,1,4,30,M,,,,,,,0,0,0,0,0
1,4,CS_4,M,I,1,4,48,1,4,31,M,,,,,,,0,0,0,0,0
1,4,CS_4,M,I,1,4,48,1,4,32,M,,,,,,,0,0,0,0,0
1,4,CS_4,M,I,1,4,48,1,4,33,M,,,,,,,0,0,0,0,0
1,1,CS_2,M,I,1,2,24,1,2,1,M,10,3,1,1,1,0,7,2,0,0,1
1,1,CS_2,M,I,1,2,24,1,2,2,M,,,,,,,0,0,0,0,0
1,1,CS_2,M,I,1,2,24,1,2,3,M,,,,,,,0,0,0,0,0
1,1,CS_2,M,I,1,2,24,1,2,4,M,,,,,,,0,0,0,0,0
1,1,CS_2,M,I,1,2,24,1,2,5,M,,,,,,,0,0,0,0,0
1,1,CS_2,M,I,1,2,24,1,2,6,M,,,,,,,0,0,0,0,0
1,1,CS_2,M,I,1,2,24,1,2,7,M,,,,,,,0,0,0,0,0
1,1,CS_2,M,I,1,2,48,1,2,8,M,,,,,,,0,0,0,0,0
1,1,CS_2,M,I,1,2,48,1,2,9,M,,,,,,,0,0,0,0,0
1,1,CS_2,M,I,1,2,120,1,2,10,M,,,,,,,0,0,0,0,0
1,2,CS_2,M,I,1,2,24,1,2,11,M,8,5,3,3,3,3,3,2,0,0,0
1,2,CS_2,M,I,1,2,24,1,2,12,M,,,,,,,0,0,0,0,0
1,2,CS_2,M,I,1,2,24,1,2,13,M,,,,,,,0,0,0,0,0
1,2,CS_2,M,I,1,2,48,1,2,14,M,,,,,,,0,0,0,0,0
1,2,CS_2,M,I,1,2,48,1,2,15,M,,,,,,,0,0,0,0,0
1,2,CS_2,M,I,1,2,120,0,2,16,M,,,,,,,0,0,0,0,0
1,2,CS_2,M,I,1,2,120,0,2,17,M,,,,,,,0,0,0,0,0
1,2,CS_2,M,I,1,2,120,0,2,18,M,,,,,,,0,0,0,0,0
1,3,CS_2,M,I,1,2,24,1,2,19,M,8,4,0,0,0,0,4,4,0,0,0
1,3,CS_2,M,I,1,2,24,1,2,20,M,,,,,,,0,0,0,0,0
1,3,CS_2,M,I,1,2,24,1,2,21,M,,,,,,,0,0,0,0,0
1,3,CS_2,M,I,1,2,24,1,2,22,M,,,,,,,0,0,0,0,0
1,3,CS_2,M,I,1,2,48,1,2,23,M,,,,,,,0,0,0,0,0
1,3,CS_2,M,I,1,2,48,1,2,24,M,,,,,,,0,0,0,0,0
1,3,CS_2,M,I,1,2,48,1,2,25,M,,,,,,,0,0,0,0,0
1,3,CS_2,M,I,1,2,48,1,2,26,M,,,,,,,0,0,0,0,0
1,4,CS_2,M,I,1,2,24,1,2,27,M,7,6,3,3,3,2,1,3,0,0,1
1,4,CS_2,M,I,1,2,48,1,2,28,M,,,,,,,0,0,0,0,0
1,4,CS_2,M,I,1,2,48,1,2,29,M,,,,,,,0,0,0,0,0
1,4,CS_2,M,I,1,2,48,1,2,30,M,,,,,,,0,0,0,0,0
1,4,CS_2,M,I,1,2,120,1,2,31,M,,,,,,,0,0,0,0,0
1,4,CS_2,M,I,1,2,120,0,2,32,M,,,,,,,0,0,0,0,0
1,4,CS_2,M,I,1,2,120,0,2,33,M,,,,,,,0,0,0,0,0
1,1,CS_V,V,I,1,V,48,1,V,1,M,7,7,4,4,4,4,0,3,0,0,0
1,1,CS_V,V,I,1,V,48,1,V,2,M,,,,,,,0,0,0,0,0
1,1,CS_V,V,I,1,V,48,1,V,3,M,,,,,,,0,0,0,0,0
1,1,CS_V,V,I,1,V,120,0,V,4,M,,,,,,,0,0,0,0,0
1,1,CS_V,V,I,1,V,120,0,V,5,M,,,,,,,0,0,0,0,0
1,1,CS_V,V,I,1,V,120,0,V,6,M,,,,,,,0,0,0,0,0
1,1,CS_V,V,I,1,V,120,0,V,7,M,,,,,,,0,0,0,0,0
1,2,CS_V,V,I,1,V,24,1,V,8,M,9,8,6,6,6,6,1,2,0,0,0
1,2,CS_V,V,I,1,V,48,1,V,9,M,,,,,,,0,0,0,0,0
1,2,CS_V,V,I,1,V,48,1,V,10,M,,,,,,,0,0,0,0,0
1,2,CS_V,V,I,1,V,120,0,V,11,M,,,,,,,0,0,0,0,0
1,2,CS_V,V,I,1,V,120,0,V,12,M,,,,,,,0,0,0,0,0
1,2,CS_V,V,I,1,V,120,0,V,13,M,,,,,,,0,0,0,0,0
1,2,CS_V,V,I,1,V,120,0,V,14,M,,,,,,,0,0,0,0,0
1,2,CS_V,V,I,1,V,120,0,V,15,M,,,,,,,0,0,0,0,0
1,2,CS_V,V,I,1,V,120,0,V,16,M,,,,,,,0,0,0,0,0
1,3,CS_V,V,I,1,V,24,1,V,17,M,8,7,4,4,4,4,1,3,0,0,0
1,3,CS_V,V,I,1,V,48,1,V,18,M,,,,,,,0,0,0,0,0
1,3,CS_V,V,I,1,V,48,1,V,19,M,,,,,,,0,0,0,0,0
1,3,CS_V,V,I,1,V,48,1,V,20,M,,,,,,,0,0,0,0,0
1,3,CS_V,V,I,1,V,120,0,V,21,M,,,,,,,0,0,0,0,0
1,3,CS_V,V,I,1,V,120,0,V,22,M,,,,,,,0,0,0,0,0
1,3,CS_V,V,I,1,V,120,0,V,23,M,,,,,,,0,0,0,0,0
1,3,CS_V,V,I,1,V,120,0,V,24,M,,,,,,,0,0,0,0,0
1,4,CS_V,V,I,1,V,24,1,V,25,M,3,2,1,1,1,1,1,1,0,0,0
1,4,CS_V,V,I,1,V,48,1,V,26,M,,,,,,,,,,,
1,4,CS_V,V,I,1,V,120,0,V,27,M,,,,,,,,,,,
1,1,CS_10_S,M,S,1,M,24,1,,1,M,,,,,,,,,,,
1,1,CS_10_S,M,S,1,M,120,0,,2,M,,,,,,,,,,,
1,1,CS_10_S,M,S,1,M,120,0,,3,M,,,,,,,,,,,
1,1,CS_10_S,M,S,1,M,120,0,,4,M,,,,,,,,,,,